experiment,runner,model,encoder,group,ablation,num_seeds,macro_f1_mean,macro_f1_std,weighted_f1_mean,weighted_f1_std,balanced_accuracy_mean,balanced_accuracy_std,ece_mean,ece_std,brier_mean,brier_std
logreg_tfidf_effective,classical,logreg_tfidf,,baselines,classical_anchor,3,0.9846815315100182,0.0,0.9846818733676536,1.1102230246251565e-16,0.9846796536796537,0.0,0.027499090915730284,3.469446951953614e-18,0.0256149283556875,0.0
securebert2_lora_balanced_softmax_effective,finetune,sequence_classifier,securebert2-base,encoder_ablation,cyber_encoder,3,0.9833439802225526,0.002122339928313227,0.9833436051987686,0.002122435521235824,0.9833442113442113,0.002124166575770591,0.006439937327852177,0.0006771947618590915,0.02688998797526118,0.003443515282006697
modernbert_lora_balanced_softmax_effective,finetune,sequence_classifier,modernbert-base,neural_main,neural_default,3,0.9793421573606689,0.0025945364522043783,0.979341093071786,0.0025943780031901066,0.9793459873459874,0.002595453572281705,0.00782386732252335,0.0020841163108305722,0.030013443438151682,0.0042186560736695395
source_type_majority,classical,source_type_majority,,baselines,lookup_majority,3,0.7544567921005719,0.0,0.7544664707789023,1.1102230246251565e-16,0.7582021312021312,0.0,0.007750830729336887,8.673617379884035e-19,0.3226791667066334,0.0
